canvasID,codeacademy
31266,22squirrels
25831,abui6
32995,acmadden
34445,aethura
30260,akaramb1
22752,alambrop
25535,aramlaka
2177,bbaral90
24835,bbeckwi2
21925,bjames27
2577,bkerr4_uncc
27693,blogSlayer99174
27602,BowSirBoy
18910,BrennanWeaver
29237,brik94
25065,btam44
30330,BunchieFarms
56300,ccamposcUNCC
13989,charlierockz
18984,criticalJazz
22202,cschelth
1132,cyoung78
26054,DataProspector
22164,daveypushard
36669,dbrys1
1527,dcarte51
45848,devonvlcek
27996,dfurr20
36986,dghaghar
3467,dparulis92
33073,Dragontech97
27883,dtnewton
35948,dwrigh58
25153,E_Chien
22701,eggsld
33212,evanssoftware
30725,gpayne9
18772,icaines
23770,jbarlow91
22994,jcook121
1533,jeremybohannon
25152,Jetfin
583,jfontech
22172,Jhenry33
25368,jmerri15
38915,jnicewon
23018,jpatel86
36688,jsanche4
25549,Kait Jardine
3201,Kameela
43814,kdesai29
24557,khuynh7
25157,Koiralakiran0
20069,kristinhorton
1210,lgomez6
36776,LowBudgetTech
7009,lpvang
23797,Max Knosby
25646,megaCoder46159
33183,meganr9
3650,mgazda3
30099,mmtt4
15450,mpate99
19860,nblankle
35040,netRockstar67484
2785,nfarquha
1552,nickbreaton.uncc
30735,noahfkaplan
18292,NoahMiller
12794,noHanguk
32644,osommer
3183,Papalazaros
23672,PatrickTu
2097,ppham5
55416,repullen
1810,rguptha95
23797,Rooster19
19267,rpate120
18512,rshorey
48486,ryanswaim
36322,saron-t
30055,schand20
33997,sdibaba
24420,slee197
22177,spate171
27051,sshah65
29772,svyas7
22182,ThomasJ.Nix
27496,toniromerob
3213,turbansenpai
27792,dspatel17
25752,UtopiaRay
24027,vmedina1
21948,wfmayer
26790,whooty
22716,WingedKirby
56169,ytouahri
1803,zmartin6
,
,
,
,
,
,
,
,
,
,
,
,
,
,
,
