canvasID,GitHubUsername
35040,3155student
25831,abui6
23134,adesai15
34445,aethura
30260,akaramb1
22752,alambrop
25535,aramlaka
36688,AttilaGodspeed
24835,bbeckwi2
2577,bekerr1
2177,biki90
21925,BrandonttJames
18910,BrennanWeaver
25065,btam44
30330,BunchieFarms
12794,Byroni
56300,ccamposcUNCC
22202,chasesc
23018,chewypatel
1132,cyoung78
26054,DataProspector
36669,dbrys1
1527,dcarte51
45848,devonvlcek
36986,dghaghara
35948,DNAWright
3467,dparulis
33073,Dragontech97
27792,dspatel17
27883,dtnewton
25752,ebasse
30099,EBcoder
25153,Echien
22701,eggsld
30725,gpayne9
24027,h4rmony
18772,israelcaines
22994,jcook121
23770,jeff123321
1533,jeremybohannon
25152,Jetfin
583,jfontech
22172,jhenry33
25368,jmerri15
2600,jmonsal2
38915,JoeNicewonger
3183,JPapalaz
24123,jpatel888
3201,kalmaate
43814,kdesai29
24557,k-huynh7
22716,kirbstomper
25549,kjardine
25157,koiralakiran0
20069,kristinhorton
1210,lgomez6
3270,lissd
36776,LowBudgetTech
33183,meganr9
3650,mgazda3
15450,mjpatel3
23797,mknosby
2785,nfarquha
1552,nickbreaton-uncc
18292,nmille47
30735,noahfkaplan
5241,novayang
32644,osommer
23672,patricktu
2097,ppham5
55416,repullen
1810,rguptha95
19267,rpate120
18512,rucheeshorey
48486,ryanswaim
36322,saron-t
30055,schand20
33997,seblewongel
27602,serbpd
22177,shaktip258
24420,slee197
36955,spate193
27051,sshah65
29772,svyas7
22182,ThomasjNix
3213,turbansenpai
32995,vegasace
27693,vivianheleem
21948,wfmayer
22164,WHODUNITlol
33212,whytheevanssoftware
56169,ytouahri
1803,zmartin6
