canvasID,herokuURL
583,https://infinite-atoll-60655.herokuapp.com/
1132,https://enigmatic-crag-35147.herokuapp.com/
1210,https://salty-scrubland-74573.herokuapp.com/
1533,https://powerful-retreat-31894.herokuapp.com/
1552,https://dry-bastion-71387.herokuapp.com/
1803,https://stark-river-70624.herokuapp.com/
1810,https://morning-everglades-53734.herokuapp.com/
2097,https://powerful-meadow-41908.herokuapp.com/
2177,https://frozen-tor-71510.herokuapp.com/
2577,https://afternoon-savannah-59180.herokuapp.com
2600,https://fierce-bayou-28616.herokuapp.com/
2785,https://serene-hamlet-74002.herokuapp.com/
3183,https://damp-hollows-34137.herokuapp.com/
3201,https://obscure-ocean-52678.herokuapp.com/
3213,https://secret-savannah-37212.herokuapp.com/
3270,https://fast-sands-13452.herokuapp.com/
3467,https://afternoon-stream-33264.herokuapp.com/
3650,https://serene-citadel-65760.herokuapp.com/
5241,https://nameless-atoll-70116.herokuapp.com/
12794,https://serene-spire-69052.herokuapp.com
15450,https://rocky-reef-72733.herokuapp.com/
18292,https://powerful-refuge-79410.herokuapp.com/
18772,https://arcane-mountain-66061.herokuapp.com/
18910,https://sheltered-cliffs-83058.herokuapp.com/
19267,https://protected-woodland-47606.herokuapp.com/
20069,rocky-meadow-79844.herokuapp.com/ï¿½
21925,https://secure-citadel-80515.herokuapp.com/
21948,https://mysterious-atoll-27939.herokuapp.com/
22172,https://secret-reef-95029.herokuapp.com/
22177,https://shielded-plains-51055.herokuapp.com/
22182,https://cryptic-springs-46010.herokuapp.com/
22202,https://lit-plateau-54676.herokuapp.com/
22701,https://vast-spire-25337.herokuapp.com/
22716,https://sleepy-headland-85472.herokuapp.com/
22752,https://radiant-chamber-50145.herokuapp.com/
22994,https://secret-river-56528.herokuapp.com/
23018,https://infinite-dawn-71751.herokuapp.com
23134,https://radiant-journey-63157.herokuapp.com
23672,https://vast-island-24836.herokuapp.com/
23770,https://polar-tor-44517.herokuapp.com/
23797,https://still-temple-24894.herokuapp.com/
24027,https://polar-citadel-34547.herokuapp.com/
24123,https://protected-woodland-47606.herokuapp.com/
24420,https://nameless-beach-68157.herokuapp.com/
24557,http://immense-cove-36484.herokuapp.com/
24835,https://salty-basin-86562.herokuapp.com/
25065,https://pacific-forest-24379.herokuapp.com/
25153,https://immense-cove-36484.herokuapp.com/
25157,http://damp-badlands-16473.herokuapp.com/
25368,https://limitless-sands-94396.herokuapp.com/
25535,https://secret-sands-53606.herokuapp.com/
25549,https://secret-chamber-78401.herokuapp.com/
25831,https://aqueous-sands-75456.herokuapp.com/
26054,https://sleepy-sierra-65896.herokuapp.com/
27051,https://fast-depths-72440.herokuapp.com/
27496,https://rocky-island-23966.herokuapp.com/
27602,https://evening-scrubland-45896.herokuapp.com/
27693,https://afternoon-dusk-52677.herokuapp.com/
27792,https://infinite-dawn-71751.herokuapp.com
27883,https://protected-peak-43036.herokuapp.com/
29772,https://powerful-spire-50138.herokuapp.com/
30055,http://mysterious-atoll-27939.herokuapp.com
30099,http://guarded-sierra-92953.herokuapp.com/
30330,https://immense-refuge-48247.herokuapp.com/
30725,https://protected-garden-51237.herokuapp.com/
30735,https://protected-tor-11740.herokuapp.com/
32644,https://quiet-woodland-55710.herokuapp.com/
32995,https://powerful-ocean-11882.herokuapp.com/
33073,https://fathomless-gorge-57138.herokuapp.com/
33183,https://agile-anchorage-86798.herokuapp.com/
33212,https://serene-anchorage-96916.herokuapp.com/
33997,https://secure-thicket-95213.herokuapp.com/
34445,https://boiling-bayou-86032.herokuapp.com/
35040,http://safe-bayou-69127.herokuapp.com/
35948,https://secure-cove-91133.herokuapp.com
36322,https://quiet-crag-71023.herokuapp.com/
36669,https://polar-shore-84975.herokuapp.com/
36688,https://gentle-lake-70082.herokuapp.com/
36776,https://stark-ocean-70573.herokuapp.com
36955,https://aqueous-wildwood-91975.herokuapp.com/
36986,https://nameless-caverns-20157.herokuapp.com/
38915,https://vast-retreat-93468.herokuapp.com/
45848,https://quiet-tor-29477.herokuapp.com/
48486,https://desolate-meadow-68445.herokuapp.com/
55416,https://immense-mesa-65817.herokuapp.com/
56169,https://shielded-reef-79841.herokuapp.com/
56300,https://salty-plateau-85098.herokuapp.com/